url_origin,url_destination
pracadanascente.minhasampa.org.br,http://minhasampa.org.br
a.minhasampa.org.br,http://minhasampa.org.br
habitacaoja.minhasampa.org.br,http://minhasampa.org.br
iluminasp.minhasampa.org.br,http://minhasampa.org.br
leidezoneamento.minhasampa.org.br,http://minhasampa.org.br
sosongs.minhasampa.org.br,http://notanaurna.minhasampa.org.br
www.sosongs.minhasampa.org.br,http://www.notanaurna.minhasampa.org.br
liberaocarnaval.minhasampa.org.br,http://minhasampa.org.br
overdosedeerros.minhasampa.org.br,http://minhasampa.org.br
passelivre.minhasampa.org.br,http://minhasampa.org.br
mulheresmobilizadas.minhasampa.org.br,http://mapadoacolhimento.org
imagine.meurio.org.br,http://nossascidades.org
deguarda.meurio.org.br,http://deguarda.nossascidades.org
deolho.meurio.org.br,http://deolho.nossascidades.org
multitude.meurio.org.br,http://multitude.nossascidades.org
facaacontecer.meurio.org.br,http://apoie.meurio.org.br
querosossego.meurio.org.br,http://paneladepressao.nossascidades.org/campaigns/716
solar.meurio.org.br,http://paneladepressao.nossascidades.org/campaigns/675/
paneladepressao.meurio.org.br,http://paneladepressao.nossascidades.org
accounts.meurio.org.br,http://accounts.nossascidades.org
verdejar.meurio.com.br,http://www.verdejar.meurio.org.br
noispornois.meurio.com.br,http://www.noispornois.meurio.org.br
meurio.com.br,http://www.meurio.org.br
www.meurio.com.br,http://www.meurio.org.br
semesculacho.meurio.com.br,http://semesculacho.meurio.org.br
minhascidades.org.br,http://www.nossascidades.org
www.minhascidades.org.br,http://www.nossascidades.org
verao.minhascidades.org.br,http://verao.meurio.org.br
paneladepressao.minhascidades.org.br,http://paneladepressao.nossascidades.org
imagine.minhascidades.org.br,http://nossascidades.org
multitude.minhascidades.org.br,http://multitude.nossascidades.org
deolho.minhascidades.org.br,http://deolho.nossascidades.org
deguarda.minhascidades.org.br,http://deguarda.nossascidades.org
compartilhaco.minhascidades.org.br,http://compartilhaco.nossascidades.org
accounts.minhascidades.org.br,http://accounts.nossascidades.org
fundadores.nossascidades.org,http://www.nossascidades.org
imagine.nossascidades.org,http://www.nossascidades.org
verao.nossascidades.org,http://verao.meurio.org.br
verao.nossascidades.org.br,http://verao.meurio.org.br
paneladepressao.nossascidades.org.br,http://paneladepressao.nossascidades.org
imagine.nossascidades.org.br,http://nossascidades.org
nossascidades.org.br,http://nossascidades.org
multitude.nossascidades.org.br,http://multitude.nossascidades.org
deolho.nossascidades.org.br,http://deolho.nossascidades.org
deguarda.nossascidades.org.br,http://deguarda.nossascidades.org
compartilhaco.nossascidades.org.br,http://compartilhaco.nossascidades.org
accounts.nossascidades.org.br,http://accounts.nossascidades.org
paneladepressao.org.br,http://paneladepressao.nossascidades.org
www.paneladepressao.org.br,http://paneladepressao.nossascidades.org
riomaravilhasemagua.com.br,http://www.riomaravilhasemagua.org.br/
www.riomaravilhasemagua.com.br,http://riomaravilhasemagua.org.br
riomaravilhasemagua.org.br,http://www.riomaravilhasemagua.org.br
nossas.org.br,http://www.nossas.org
www.nossas.org.br,http://www.nossas.org
fundadores.nossas.org.br,http://www.fundadores.nossas.org
www.fundadores.nossas.org.br,http://www.fundadores.nossas.org
nossascidades.org,http://www.fundadores.nossas.org
www.nossascidades.org,http://www.fundadores.nossas.org
nossascidades.org.br,http://www.fundadores.nossas.org
www.nossascidades.org.br,http://www.fundadores.nossas.org
candidato.merepresenta.org.br,http://merepresenta.org.br
www.candidato.merepresenta.org.br,http://merepresenta.org.br
www.candidatos.merepresenta.org.br,http://merepresenta.org.br
projeto.merepresenta.org.br,http://merepresenta.org.br
candidatos.merepresenta.org.br,http://merepresenta.org.br
www.merepresenta.org.br,http://merepresenta.org.br
ourcities.org,http://www.en.nossas.org
www.ourcities.org,http://www.en.nossas.org
founders.ourcities.org,http://www.en.nossas.org
app.reboo.org,http://app.bonde.org
faco.minhacampinas.org.br,https://www.doe.minhacampinas.org.br
vivosennosotros.com,http://vivosennosotros.org
vivosemnos.com,http://vivosemnos.org
www.vivosennosotros.com,http://vivosennosotros.org
www.vivosemnos.com,http://vivosemnos.org
www.vivosennosotros.org,http://vivosennosotros.org
www.vivosemnos.org,http://vivosemnos.org
www.bolsativismo.instintodevida.org,http://www.bolsaativismo.instintodevida.org
bolsativismo.instintodevida.org,http://www.bolsaativismo.instintodevida.org
frentediretasja.com.br,http://www.apoie.frentediretasja.com.br
www.frentediretasja.com.br,http://www.apoie.frentediretasja.com.br
www.maquinamortifera.minhasampa.org.br,https://www.pldapoluicao.minhasampa.org.br
maquinamortifera.minhasampa.org.br,https://www.pldapoluicao.minhasampa.org.br
mapadoacolhimento.org.br,http://www.mapadoacolhimento.org
www.mapadoacolhimento.org.br,http://www.mapadoacolhimento.org
mapadoacolhimento.nossascidades.org,http://www.mapadoacolhimento.org
www.mapadoacolhimento.nossascidades.org,http://www.mapadoacolhimento.org
abortemesseabsurdo.beta.org.br,https://www.paremapec29.beta.org.br
www.abortemesseabsurdo.beta.org.br,https://www.paremapec29.beta.org.br
mutiraoativista.meurio.org.br,https://www.voltapaneladepressao.meurio.org.br
www.mutiraoativista.meurio.org.br,https://www.voltapaneladepressao.meurio.org.br
ac.transparenciasalva.org.br,https://transparenciainternacional.org.br/ranking/
www.ac.transparenciasalva.org.br,https://transparenciainternacional.org.br/ranking/
al.transparenciasalva.org.br,https://transparenciainternacional.org.br/ranking/
www.al.transparenciasalva.org.br,https://transparenciainternacional.org.br/ranking/
ap.transparenciasalva.org.br,https://transparenciainternacional.org.br/ranking/
www.ap.transparenciasalva.org.br,https://transparenciainternacional.org.br/ranking/
am.transparenciasalva.org.br,https://transparenciainternacional.org.br/ranking/
www.am.transparenciasalva.org.br,https://transparenciainternacional.org.br/ranking/
aracaju.transparenciasalva.org.br,https://transparenciainternacional.org.br/ranking/
www.aracaju.transparenciasalva.org.br,https://transparenciainternacional.org.br/ranking/
ba.transparenciasalva.org.br,https://transparenciainternacional.org.br/ranking/
www.ba.transparenciasalva.org.br,https://transparenciainternacional.org.br/ranking/
belem.transparenciasalva.org.br,https://transparenciainternacional.org.br/ranking/
www.belem.transparenciasalva.org.br,https://transparenciainternacional.org.br/ranking/
belohorizonte.transparenciasalva.org.br,https://transparenciainternacional.org.br/ranking/
www.belohorizonte.transparenciasalva.org.br,https://transparenciainternacional.org.br/ranking/
boavista.transparenciasalva.org.br,https://transparenciainternacional.org.br/ranking/
www.boavista.transparenciasalva.org.br,https://transparenciainternacional.org.br/ranking/
campogrande.transparenciasalva.org.br,https://transparenciainternacional.org.br/ranking/
www.campogrande.transparenciasalva.org.br,https://transparenciainternacional.org.br/ranking/
ce.transparenciasalva.org.br,https://transparenciainternacional.org.br/ranking/
www.ce.transparenciasalva.org.br,https://transparenciainternacional.org.br/ranking/
cuiaba.transparenciasalva.org.br,https://transparenciainternacional.org.br/ranking/
www.cuiaba.transparenciasalva.org.br,https://transparenciainternacional.org.br/ranking/
curitiba.transparenciasalva.org.br,https://transparenciainternacional.org.br/ranking/
www.curitiba.transparenciasalva.org.br,https://transparenciainternacional.org.br/ranking/
df.transparenciasalva.org.br,https://transparenciainternacional.org.br/ranking/
www.df.transparenciasalva.org.br,https://transparenciainternacional.org.br/ranking/
es.transparenciasalva.org.br,https://transparenciainternacional.org.br/ranking/
www.es.transparenciasalva.org.br,https://transparenciainternacional.org.br/ranking/
florianopolis.transparenciasalva.org.br,https://transparenciainternacional.org.br/ranking/
www.florianopolis.transparenciasalva.org.br,https://transparenciainternacional.org.br/ranking/
fortaleza.transparenciasalva.org.br,https://transparenciainternacional.org.br/ranking/
www.fortaleza.transparenciasalva.org.br,https://transparenciainternacional.org.br/ranking/
goiania.transparenciasalva.org.br,https://transparenciainternacional.org.br/ranking/
www.goiania.transparenciasalva.org.br,https://transparenciainternacional.org.br/ranking/
go.transparenciasalva.org.br,https://transparenciainternacional.org.br/ranking/
www.go.transparenciasalva.org.br,https://transparenciainternacional.org.br/ranking/
joaopessoa.transparenciasalva.org.br,https://transparenciainternacional.org.br/ranking/
www.joaopessoa.transparenciasalva.org.br,https://transparenciainternacional.org.br/ranking/
macapa.transparenciasalva.org.br,https://transparenciainternacional.org.br/ranking/
www.macapa.transparenciasalva.org.br,https://transparenciainternacional.org.br/ranking/
maceio.transparenciasalva.org.br,https://transparenciainternacional.org.br/ranking/
www.maceio.transparenciasalva.org.br,https://transparenciainternacional.org.br/ranking/
manaus.transparenciasalva.org.br,https://transparenciainternacional.org.br/ranking/
www.manaus.transparenciasalva.org.br,https://transparenciainternacional.org.br/ranking/
ma.transparenciasalva.org.br,https://transparenciainternacional.org.br/ranking/
www.ma.transparenciasalva.org.br,https://transparenciainternacional.org.br/ranking/
mt.transparenciasalva.org.br,https://transparenciainternacional.org.br/ranking/
www.mt.transparenciasalva.org.br,https://transparenciainternacional.org.br/ranking/
ms.transparenciasalva.org.br,https://transparenciainternacional.org.br/ranking/
www.ms.transparenciasalva.org.br,https://transparenciainternacional.org.br/ranking/
mg.transparenciasalva.org.br,https://transparenciainternacional.org.br/ranking/
www.mg.transparenciasalva.org.br,https://transparenciainternacional.org.br/ranking/
natal.transparenciasalva.org.br,https://transparenciainternacional.org.br/ranking/
www.natal.transparenciasalva.org.br,https://transparenciainternacional.org.br/ranking/
palmas.transparenciasalva.org.br,https://transparenciainternacional.org.br/ranking/
www.palmas.transparenciasalva.org.br,https://transparenciainternacional.org.br/ranking/
pa.transparenciasalva.org.br,https://transparenciainternacional.org.br/ranking/
www.pa.transparenciasalva.org.br,https://transparenciainternacional.org.br/ranking/
pb.transparenciasalva.org.br,https://transparenciainternacional.org.br/ranking/
www.pb.transparenciasalva.org.br,https://transparenciainternacional.org.br/ranking/
pr.transparenciasalva.org.br,https://transparenciainternacional.org.br/ranking/
www.pr.transparenciasalva.org.br,https://transparenciainternacional.org.br/ranking/
pe.transparenciasalva.org.br,https://transparenciainternacional.org.br/ranking/
www.pe.transparenciasalva.org.br,https://transparenciainternacional.org.br/ranking/
pi.transparenciasalva.org.br,https://transparenciainternacional.org.br/ranking/
www.pi.transparenciasalva.org.br,https://transparenciainternacional.org.br/ranking/
portoalegre.transparenciasalva.org.br,https://transparenciainternacional.org.br/ranking/
www.portoalegre.transparenciasalva.org.br,https://transparenciainternacional.org.br/ranking/
portovelho.transparenciasalva.org.br,https://transparenciainternacional.org.br/ranking/
www.portovelho.transparenciasalva.org.br,https://transparenciainternacional.org.br/ranking/
recife.transparenciasalva.org.br,https://transparenciainternacional.org.br/ranking/
www.recife.transparenciasalva.org.br,https://transparenciainternacional.org.br/ranking/
riobranco.transparenciasalva.org.br,https://transparenciainternacional.org.br/ranking/
www.riobranco.transparenciasalva.org.br,https://transparenciainternacional.org.br/ranking/
riodejaneiro.transparenciasalva.org.br,https://transparenciainternacional.org.br/ranking/
www.riodejaneiro.transparenciasalva.org.br,https://transparenciainternacional.org.br/ranking/
rj.transparenciasalva.org.br,https://transparenciainternacional.org.br/ranking/
www.rj.transparenciasalva.org.br,https://transparenciainternacional.org.br/ranking/
rs.transparenciasalva.org.br,https://transparenciainternacional.org.br/ranking/
www.rs.transparenciasalva.org.br,https://transparenciainternacional.org.br/ranking/
rn.transparenciasalva.org.br,https://transparenciainternacional.org.br/ranking/
www.rn.transparenciasalva.org.br,https://transparenciainternacional.org.br/ranking/
ro.transparenciasalva.org.br,https://transparenciainternacional.org.br/ranking/
www.ro.transparenciasalva.org.br,https://transparenciainternacional.org.br/ranking/
rr.transparenciasalva.org.br,https://transparenciainternacional.org.br/ranking/
www.rr.transparenciasalva.org.br,https://transparenciainternacional.org.br/ranking/
salvador.transparenciasalva.org.br,https://transparenciainternacional.org.br/ranking/
www.salvador.transparenciasalva.org.br,https://transparenciainternacional.org.br/ranking/
sc.transparenciasalva.org.br,https://transparenciainternacional.org.br/ranking/
www.sc.transparenciasalva.org.br,https://transparenciainternacional.org.br/ranking/
saoluis.transparenciasalva.org.br,https://transparenciainternacional.org.br/ranking/
www.saoluis.transparenciasalva.org.br,https://transparenciainternacional.org.br/ranking/
saopaulo.transparenciasalva.org.br,https://transparenciainternacional.org.br/ranking/
www.saopaulo.transparenciasalva.org.br,https://transparenciainternacional.org.br/ranking/
sp.transparenciasalva.org.br,https://transparenciainternacional.org.br/ranking/
www.sp.transparenciasalva.org.br,https://transparenciainternacional.org.br/ranking/
se.transparenciasalva.org.br,https://transparenciainternacional.org.br/ranking/
www.se.transparenciasalva.org.br,https://transparenciainternacional.org.br/ranking/
teresina.transparenciasalva.org.br,https://transparenciainternacional.org.br/ranking/
www.teresina.transparenciasalva.org.br,https://transparenciainternacional.org.br/ranking/
to.transparenciasalva.org.br,https://transparenciainternacional.org.br/ranking/
www.to.transparenciasalva.org.br,https://transparenciainternacional.org.br/ranking/
vitoria.transparenciasalva.org.br,https://transparenciainternacional.org.br/ranking/
www.vitoria.transparenciasalva.org.br,https://transparenciainternacional.org.br/ranking/
4gparaestudar.org.br,https://www.4gparaestudar.nossas.org.br/
www.camarotedavacinanao.org.br,https://www.camarotedavacinanao.nossas.org.br
defendaomarajo.com,https://defendaomarajo.org/
www.defendaomarajo.com,https://defendaomarajo.org/
defendamarajo.org,https://defendaomarajo.org/
www.defendamarajo.org,https://defendaomarajo.org/
defendamarajo.com,https://defendaomarajo.org/
www.defendamarajo.com,https://defendaomarajo.org/
marcotemporaljamas.org,https://www.marcotemporaljamais.org/
www.marcotemporaljamas.org,https://www.marcotemporaljamais.org/
www.tiraopedaminhaserra.bonde.org,tiraopedaminhaserra.bonde.org/
